Polarity,Term
0.6421832000000003,A
0.9961,AA
0.9199,AAL
0.1332833333333333,AAPL
0.9947,ABNB
0.9982,AC
0.9533111111111112,ACB
0.9887,ACH
0.9321249999999999,AI
0.22853750000000006,ALL
0.6899769230769232,AM
0.44575686274509807,AMC
0.8488666666666665,AMD
0.9705,AMZN
0.9985,AN
0.4971666666666666,ANY
0.921,APD
0.9904,API
-0.9631,APR
0.9951,AR
-0.04990869565217389,ARE
0.9913,ARR
0.9582,ARRY
0.9570470588235296,ASO
0.9943,ASR
0.999,ASTS
-0.58366,AT
0.14375,ATH
0.9913,AYX
0.80698,B
0.9408,BA
-0.17216,BABA
-0.35392,BB
0.9547,BBQ
0.49439999999999995,BE
0.31239999999999996,BIG
0.9895,BTU
0.513325,C
0.9976,CAC
-0.011250000000000038,CAN
0.4836,CARG
0.9547,CBD
0.9748,CBOE
0.0,CC
0.2732,CCI
0.8842,CCL
0.9815000000000003,CCS
0.9951,CD
0.958,CL
0.529,CLF
0.9888142857142862,CLOV
0.9991,CMD
0.3417,CME
0.9994444444444444,CMS
0.944,CNQ
0.9852,COG
0.9704600000000001,CRH
0.0851,CRL
0.9349,CRSP
0.9987600000000001,D
0.9968833333333333,DCF
0.6551538461538462,DD
0.9382857142857143,DKNG
-0.8621,DNMR
0.9996000000000002,DOX
0.9547,DT
0.9996,E
0.4836,EFT
0.9976000000000002,EHTH
-0.9493,EL
0.7614,EMP
0.9644,EMR
0.9974,ERIC
0.9888750000000001,ET
0.9757,EW
0.31726666666666664,F
-0.6243,FB
-0.8248000000000001,FCF
-0.6444,FICO
0.9994,FL
-0.3184,FLEX
0.9484,FLGT
0.6636,FOR
0.334975,FUBO
-0.3410500000000001,GDP
0.985,GDRX
0.9766,GE
0.9948,GEVO
0.8842,GL
0.3081450381679389,GME
0.979,GO
-0.9945,GOLD
0.9887,GOOD
0.9987,GOOGL
0.997,GP
0.9853,HAS
0.37456666666666666,HE
0.9976000000000002,HIG
0.9913,HOPE
0.9729749999999999,HUGE
0.998,IBM
-0.09994999999999998,ICE
0.99,ID
0.8931,IFF
0.9996,III
0.788675,IMO
0.3069333333333333,INO
0.998,IP
-0.22914444444444446,IT
0.9101,JNJ
0.9600375,JP
0.8857,JPM
0.9659,K
0.7329166666666667,KKR
-0.9092,KO
0.471,L
0.9979,LAZR
0.9995,LDI
0.999,LEO
0.997,LIVE
0.9892,LNG
0.997,LOGI
0.9942,LOVE
0.3509,LOW
0.9892,LPG
0.3102,M
0.9995000000000003,MA
-0.6737,MARA
0.9994,MGM
0.9991,MN
0.9985,MNMD
0.9499,MRNA
0.7767666666666667,MSFT
0.9982,MSM
-0.2627,MSTR
-0.017128571428571406,MVIS
0.9998,NAV
0.9688,NEW
-0.022650000000000003,NEXT
0.8932,NFLX
-0.9333,NG
0.9892,NGL
0.99092,NI
0.33203333333333335,NIO
0.9823923076923079,NOK
0.21929999999999997,NOW
0.9571,NRG
0.9996,NYT
-0.6737,OCGN
0.9792,OG
0.9989000000000001,OI
0.9991,OM
0.029480000000000024,ON
0.33344999999999997,ONE
-0.875,OR
0.47872499999999996,OUT
0.8698,PB
-0.8621,PCT
0.9984999999999999,PENN
0.35132272727272734,PLTR
0.9969,PLUG
0.7085714285714287,PM
0.8917,POST
0.1745,PRPL
0.6249,PSA
0.914564285714286,PT
0.705,PTON
0.8859,QCOM
0.9799000000000001,R
0.8857,RBC
0.9961,RC
-0.7742,REAL
0.9897,RH
0.2111,RIDE
-0.6737,RIOT
0.8286372549019599,RKT
0.8932,ROKU
0.9412,ROOT
0.8578999999999999,RSI
0.9209,RUN
-0.6733,SDC
0.9966,SEB
0.011099999999999999,SEE
-0.91,SHIP
0.9883111111111111,SI
0.1531,SNAP
0.96915,SNDL
0.1926,SNP
-0.0028000000000000247,SO
0.8932,SP
0.2997,SPCE
0.7882,SPOT
0.9994,SQ
0.42105000000000004,STAY
-0.3317,STLD
0.944,SU
0.9677,SVC
-0.9333,SWN
0.5277333333333334,T
0.99655,TA
0.9626,TAP
0.9688333333333333,TD
0.9997,TDOC
0.9748,TECH
-0.8248,TEN
0.9562,TEX
-0.1531,TGT
0.9547,TLRY
-0.2928541666666667,TSLA
0.9292499999999999,TSM
0.9547,TSN
-0.8421000000000001,TURN
0.6912714285714286,TV
0.997,TWO
0.8455,TX
-0.5574,U
-0.32453333333333334,UBS
0.6756,UK
0.9985000000000002,UPST
0.9891000000000001,USA
0.8425249999999999,UWMC
0.2418,V
0.999,VC
0.9921749999999999,VERY
0.944,VET
0.9906800000000003,VIAC
0.9979,VLDR
0.99925,VS
0.5138333333333334,VZ
0.9978684210526318,WELL
-0.23460000000000003,WISH
0.998,WTI
0.9921,WY
0.9066000000000001,X
0.944,XOM
0.8946000000000001,Y
0.9437,Z
0.9573,ZM
